{"cameraMode":{"drawMode":0,"name":"Shaded","section":"Shading Mode"},"sceneLighting":true,"audioPlay":false,"sceneViewState":{"showFog":true,"showMaterialUpdate":false,"showSkybox":true,"showFlares":true,"showImageEffects":true,"showParticleSystems":true},"in2DMode":false,"pivot":{"x":71.88150787353516,"y":171.84451293945313,"z":2.0778286457061769},"rotation":{"x":0.005998693872243166,"y":0.02099805511534214,"z":-0.00012600129412021488,"w":0.9997628927230835},"size":719.5375366210938,"orthographic":false}