{"cameraMode":{"drawMode":0,"name":"Shaded","section":"Shading Mode"},"sceneLighting":false,"audioPlay":false,"sceneViewState":{"showFog":true,"showMaterialUpdate":false,"showSkybox":false,"showFlares":true,"showImageEffects":true,"showParticleSystems":true},"in2DMode":false,"pivot":{"x":0.0065232254564762119,"y":-0.007219329476356506,"z":-0.032513730227947238},"rotation":{"x":0.08679816126823425,"y":-0.003789573209360242,"z":-0.006961413659155369,"w":0.9971544742584229},"size":1.0807801485061646,"orthographic":false}